artist_name,album_name,album_link,album_cover,album_popularity,release_date,total_tracks,tracks
Queen,Queen (Deluxe Edition 2011 Remaster),https://open.spotify.com/album/2hZTdsWsAqlgrYG6Nd6Egg,https://i.scdn.co/image/ab67616d0000b2731de3187680d052813e7fd4d0,47,1973-07-13,16,Keep Yourself Alive - 2011 Mix
Queen,Queen (Deluxe Edition 2011 Remaster),https://open.spotify.com/album/2hZTdsWsAqlgrYG6Nd6Egg,https://i.scdn.co/image/ab67616d0000b2731de3187680d052813e7fd4d0,47,1973-07-13,16,Doing Alright - Remastered 2011
Queen,Queen (Deluxe Edition 2011 Remaster),https://open.spotify.com/album/2hZTdsWsAqlgrYG6Nd6Egg,https://i.scdn.co/image/ab67616d0000b2731de3187680d052813e7fd4d0,47,1973-07-13,16,Great King Rat - Remastered 2011
Queen,Queen (Deluxe Edition 2011 Remaster),https://open.spotify.com/album/2hZTdsWsAqlgrYG6Nd6Egg,https://i.scdn.co/image/ab67616d0000b2731de3187680d052813e7fd4d0,47,1973-07-13,16,My Fairy King - Remastered 2011
Queen,Queen (Deluxe Edition 2011 Remaster),https://open.spotify.com/album/2hZTdsWsAqlgrYG6Nd6Egg,https://i.scdn.co/image/ab67616d0000b2731de3187680d052813e7fd4d0,47,1973-07-13,16,Liar - Remastered 2011
Queen,Queen (Deluxe Edition 2011 Remaster),https://open.spotify.com/album/2hZTdsWsAqlgrYG6Nd6Egg,https://i.scdn.co/image/ab67616d0000b2731de3187680d052813e7fd4d0,47,1973-07-13,16,The Night Comes Down - Remastered 2011
Queen,Queen (Deluxe Edition 2011 Remaster),https://open.spotify.com/album/2hZTdsWsAqlgrYG6Nd6Egg,https://i.scdn.co/image/ab67616d0000b2731de3187680d052813e7fd4d0,47,1973-07-13,16,Modern Times Rock 'N Roll - Remastered 2011
Queen,Queen (Deluxe Edition 2011 Remaster),https://open.spotify.com/album/2hZTdsWsAqlgrYG6Nd6Egg,https://i.scdn.co/image/ab67616d0000b2731de3187680d052813e7fd4d0,47,1973-07-13,16,Son And Daughter - Remastered 2011
Queen,Queen (Deluxe Edition 2011 Remaster),https://open.spotify.com/album/2hZTdsWsAqlgrYG6Nd6Egg,https://i.scdn.co/image/ab67616d0000b2731de3187680d052813e7fd4d0,47,1973-07-13,16,Jesus - Remastered 2011
Queen,Queen (Deluxe Edition 2011 Remaster),https://open.spotify.com/album/2hZTdsWsAqlgrYG6Nd6Egg,https://i.scdn.co/image/ab67616d0000b2731de3187680d052813e7fd4d0,47,1973-07-13,16,Seven Seas Of Rhye - Remastered 2011
Queen,Queen (Deluxe Edition 2011 Remaster),https://open.spotify.com/album/2hZTdsWsAqlgrYG6Nd6Egg,https://i.scdn.co/image/ab67616d0000b2731de3187680d052813e7fd4d0,47,1973-07-13,16,Keep Yourself Alive - De Lane Lea Demo / December 1971
Queen,Queen (Deluxe Edition 2011 Remaster),https://open.spotify.com/album/2hZTdsWsAqlgrYG6Nd6Egg,https://i.scdn.co/image/ab67616d0000b2731de3187680d052813e7fd4d0,47,1973-07-13,16,The Night Comes Down - De Lane Lea Demo / December 1971
Queen,Queen (Deluxe Edition 2011 Remaster),https://open.spotify.com/album/2hZTdsWsAqlgrYG6Nd6Egg,https://i.scdn.co/image/ab67616d0000b2731de3187680d052813e7fd4d0,47,1973-07-13,16,Great King Rat - De Lane Lea Demo / December 1971
Queen,Queen (Deluxe Edition 2011 Remaster),https://open.spotify.com/album/2hZTdsWsAqlgrYG6Nd6Egg,https://i.scdn.co/image/ab67616d0000b2731de3187680d052813e7fd4d0,47,1973-07-13,16,Jesus - De Lane Lea Demo / December 1971
Queen,Queen (Deluxe Edition 2011 Remaster),https://open.spotify.com/album/2hZTdsWsAqlgrYG6Nd6Egg,https://i.scdn.co/image/ab67616d0000b2731de3187680d052813e7fd4d0,47,1973-07-13,16,Liar - De Lane Lea Demo / December 1971
Queen,Queen (Deluxe Edition 2011 Remaster),https://open.spotify.com/album/2hZTdsWsAqlgrYG6Nd6Egg,https://i.scdn.co/image/ab67616d0000b2731de3187680d052813e7fd4d0,47,1973-07-13,16,Mad The Swine - June 1972
Queen,Queen II (Deluxe Edition 2011 Remaster),https://open.spotify.com/album/48MhNEYxMJvcBbqz85UTQP,https://i.scdn.co/image/ab67616d0000b273d92f69c3b3adb389afdde64f,54,1974-03-08,16,Procession - Remastered 2011
Queen,Queen II (Deluxe Edition 2011 Remaster),https://open.spotify.com/album/48MhNEYxMJvcBbqz85UTQP,https://i.scdn.co/image/ab67616d0000b273d92f69c3b3adb389afdde64f,54,1974-03-08,16,Father To Son - Remastered 2011
Queen,Queen II (Deluxe Edition 2011 Remaster),https://open.spotify.com/album/48MhNEYxMJvcBbqz85UTQP,https://i.scdn.co/image/ab67616d0000b273d92f69c3b3adb389afdde64f,54,1974-03-08,16,White Queen (As It Began) - Remastered 2011
Queen,Queen II (Deluxe Edition 2011 Remaster),https://open.spotify.com/album/48MhNEYxMJvcBbqz85UTQP,https://i.scdn.co/image/ab67616d0000b273d92f69c3b3adb389afdde64f,54,1974-03-08,16,Some Day One Day - Remastered 2011
Queen,Queen II (Deluxe Edition 2011 Remaster),https://open.spotify.com/album/48MhNEYxMJvcBbqz85UTQP,https://i.scdn.co/image/ab67616d0000b273d92f69c3b3adb389afdde64f,54,1974-03-08,16,The Loser In The End - Remastered 2011
Queen,Queen II (Deluxe Edition 2011 Remaster),https://open.spotify.com/album/48MhNEYxMJvcBbqz85UTQP,https://i.scdn.co/image/ab67616d0000b273d92f69c3b3adb389afdde64f,54,1974-03-08,16,Ogre Battle - Remastered 2011
Queen,Queen II (Deluxe Edition 2011 Remaster),https://open.spotify.com/album/48MhNEYxMJvcBbqz85UTQP,https://i.scdn.co/image/ab67616d0000b273d92f69c3b3adb389afdde64f,54,1974-03-08,16,The Fairy Feller's Master-Stroke - Remastered 2011
Queen,Queen II (Deluxe Edition 2011 Remaster),https://open.spotify.com/album/48MhNEYxMJvcBbqz85UTQP,https://i.scdn.co/image/ab67616d0000b273d92f69c3b3adb389afdde64f,54,1974-03-08,16,Nevermore - Remastered 2011
Queen,Queen II (Deluxe Edition 2011 Remaster),https://open.spotify.com/album/48MhNEYxMJvcBbqz85UTQP,https://i.scdn.co/image/ab67616d0000b273d92f69c3b3adb389afdde64f,54,1974-03-08,16,The March Of The Black Queen - Remastered 2011
Queen,Queen II (Deluxe Edition 2011 Remaster),https://open.spotify.com/album/48MhNEYxMJvcBbqz85UTQP,https://i.scdn.co/image/ab67616d0000b273d92f69c3b3adb389afdde64f,54,1974-03-08,16,Funny How Love Is - Remastered 2011
Queen,Queen II (Deluxe Edition 2011 Remaster),https://open.spotify.com/album/48MhNEYxMJvcBbqz85UTQP,https://i.scdn.co/image/ab67616d0000b273d92f69c3b3adb389afdde64f,54,1974-03-08,16,Seven Seas Of Rhye - Remastered 2011
Queen,Queen II (Deluxe Edition 2011 Remaster),https://open.spotify.com/album/48MhNEYxMJvcBbqz85UTQP,https://i.scdn.co/image/ab67616d0000b273d92f69c3b3adb389afdde64f,54,1974-03-08,16,"See What A Fool I've Been - Live BBC Session, London / July 1973 / 2011 Remix"
Queen,Queen II (Deluxe Edition 2011 Remaster),https://open.spotify.com/album/48MhNEYxMJvcBbqz85UTQP,https://i.scdn.co/image/ab67616d0000b273d92f69c3b3adb389afdde64f,54,1974-03-08,16,"White Queen (As It Began) - Live At Hammersmith Odeon, London / December 1975"
Queen,Queen II (Deluxe Edition 2011 Remaster),https://open.spotify.com/album/48MhNEYxMJvcBbqz85UTQP,https://i.scdn.co/image/ab67616d0000b273d92f69c3b3adb389afdde64f,54,1974-03-08,16,Seven Seas Of Rhye - Instrumental Mix 2011
Queen,Queen II (Deluxe Edition 2011 Remaster),https://open.spotify.com/album/48MhNEYxMJvcBbqz85UTQP,https://i.scdn.co/image/ab67616d0000b273d92f69c3b3adb389afdde64f,54,1974-03-08,16,"Nevermore - Live BBC Session, London / April 1974"
Queen,Queen II (Deluxe Edition 2011 Remaster),https://open.spotify.com/album/48MhNEYxMJvcBbqz85UTQP,https://i.scdn.co/image/ab67616d0000b273d92f69c3b3adb389afdde64f,54,1974-03-08,16,See What A Fool Iâ€™ve Been - B-Side Version / Remastered 2011
Queen,Sheer Heart Attack (2011 Remaster),https://open.spotify.com/album/5SBHID8qGG3x52zgoh2ilz,https://i.scdn.co/image/ab67616d0000b27322fcc5e24b98c4acae781c52,47,1974-11-08,13,Brighton Rock - Remastered 2011
Queen,Sheer Heart Attack (2011 Remaster),https://open.spotify.com/album/5SBHID8qGG3x52zgoh2ilz,https://i.scdn.co/image/ab67616d0000b27322fcc5e24b98c4acae781c52,47,1974-11-08,13,Killer Queen - Remastered 2011
Queen,Sheer Heart Attack (2011 Remaster),https://open.spotify.com/album/5SBHID8qGG3x52zgoh2ilz,https://i.scdn.co/image/ab67616d0000b27322fcc5e24b98c4acae781c52,47,1974-11-08,13,Tenement Funster - Remastered 2011
Queen,Sheer Heart Attack (2011 Remaster),https://open.spotify.com/album/5SBHID8qGG3x52zgoh2ilz,https://i.scdn.co/image/ab67616d0000b27322fcc5e24b98c4acae781c52,47,1974-11-08,13,Flick Of The Wrist - Remastered 2011
Queen,Sheer Heart Attack (2011 Remaster),https://open.spotify.com/album/5SBHID8qGG3x52zgoh2ilz,https://i.scdn.co/image/ab67616d0000b27322fcc5e24b98c4acae781c52,47,1974-11-08,13,Lily Of The Valley - Remastered 2011
Queen,Sheer Heart Attack (2011 Remaster),https://open.spotify.com/album/5SBHID8qGG3x52zgoh2ilz,https://i.scdn.co/image/ab67616d0000b27322fcc5e24b98c4acae781c52,47,1974-11-08,13,Now I'm Here - Remastered 2011
Queen,Sheer Heart Attack (2011 Remaster),https://open.spotify.com/album/5SBHID8qGG3x52zgoh2ilz,https://i.scdn.co/image/ab67616d0000b27322fcc5e24b98c4acae781c52,47,1974-11-08,13,In The Lap Of The Gods - Remastered 2011
Queen,Sheer Heart Attack (2011 Remaster),https://open.spotify.com/album/5SBHID8qGG3x52zgoh2ilz,https://i.scdn.co/image/ab67616d0000b27322fcc5e24b98c4acae781c52,47,1974-11-08,13,Stone Cold Crazy - Remastered 2011
Queen,Sheer Heart Attack (2011 Remaster),https://open.spotify.com/album/5SBHID8qGG3x52zgoh2ilz,https://i.scdn.co/image/ab67616d0000b27322fcc5e24b98c4acae781c52,47,1974-11-08,13,Dear Friends - Remastered 2011
Queen,Sheer Heart Attack (2011 Remaster),https://open.spotify.com/album/5SBHID8qGG3x52zgoh2ilz,https://i.scdn.co/image/ab67616d0000b27322fcc5e24b98c4acae781c52,47,1974-11-08,13,Misfire - Remastered 2011
Queen,Sheer Heart Attack (2011 Remaster),https://open.spotify.com/album/5SBHID8qGG3x52zgoh2ilz,https://i.scdn.co/image/ab67616d0000b27322fcc5e24b98c4acae781c52,47,1974-11-08,13,Bring Back That Leroy Brown - Remastered 2011
Queen,Sheer Heart Attack (2011 Remaster),https://open.spotify.com/album/5SBHID8qGG3x52zgoh2ilz,https://i.scdn.co/image/ab67616d0000b27322fcc5e24b98c4acae781c52,47,1974-11-08,13,She Makes Me (Stormtrooper In Stilettos) - Remastered 2011
Queen,Sheer Heart Attack (2011 Remaster),https://open.spotify.com/album/5SBHID8qGG3x52zgoh2ilz,https://i.scdn.co/image/ab67616d0000b27322fcc5e24b98c4acae781c52,47,1974-11-08,13,In The Lap Of The Gods... Revisited - Remastered 2011
Queen,A Night At The Opera (2011 Remaster),https://open.spotify.com/album/1GbtB4zTqAsyfZEsm1RZfx,https://i.scdn.co/image/ab67616d0000b273e319baafd16e84f0408af2a0,74,1975-11-21,12,Death On Two Legs (Dedicated To...) - Remastered 2011
Queen,A Night At The Opera (2011 Remaster),https://open.spotify.com/album/1GbtB4zTqAsyfZEsm1RZfx,https://i.scdn.co/image/ab67616d0000b273e319baafd16e84f0408af2a0,74,1975-11-21,12,Lazing On A Sunday Afternoon - Remastered 2011
Queen,A Night At The Opera (2011 Remaster),https://open.spotify.com/album/1GbtB4zTqAsyfZEsm1RZfx,https://i.scdn.co/image/ab67616d0000b273e319baafd16e84f0408af2a0,74,1975-11-21,12,I'm In Love With My Car - Remastered 2011
Queen,A Night At The Opera (2011 Remaster),https://open.spotify.com/album/1GbtB4zTqAsyfZEsm1RZfx,https://i.scdn.co/image/ab67616d0000b273e319baafd16e84f0408af2a0,74,1975-11-21,12,You're My Best Friend - Remastered 2011
Queen,A Night At The Opera (2011 Remaster),https://open.spotify.com/album/1GbtB4zTqAsyfZEsm1RZfx,https://i.scdn.co/image/ab67616d0000b273e319baafd16e84f0408af2a0,74,1975-11-21,12,'39 - Remastered 2011
Queen,A Night At The Opera (2011 Remaster),https://open.spotify.com/album/1GbtB4zTqAsyfZEsm1RZfx,https://i.scdn.co/image/ab67616d0000b273e319baafd16e84f0408af2a0,74,1975-11-21,12,Sweet Lady - Remastered 2011
Queen,A Night At The Opera (2011 Remaster),https://open.spotify.com/album/1GbtB4zTqAsyfZEsm1RZfx,https://i.scdn.co/image/ab67616d0000b273e319baafd16e84f0408af2a0,74,1975-11-21,12,Seaside Rendezvous - Remastered 2011
Queen,A Night At The Opera (2011 Remaster),https://open.spotify.com/album/1GbtB4zTqAsyfZEsm1RZfx,https://i.scdn.co/image/ab67616d0000b273e319baafd16e84f0408af2a0,74,1975-11-21,12,The Prophet's Song - Remastered 2011
Queen,A Night At The Opera (2011 Remaster),https://open.spotify.com/album/1GbtB4zTqAsyfZEsm1RZfx,https://i.scdn.co/image/ab67616d0000b273e319baafd16e84f0408af2a0,74,1975-11-21,12,Love Of My Life - Remastered 2011
Queen,A Night At The Opera (2011 Remaster),https://open.spotify.com/album/1GbtB4zTqAsyfZEsm1RZfx,https://i.scdn.co/image/ab67616d0000b273e319baafd16e84f0408af2a0,74,1975-11-21,12,Good Company - Remastered 2011
Queen,A Night At The Opera (2011 Remaster),https://open.spotify.com/album/1GbtB4zTqAsyfZEsm1RZfx,https://i.scdn.co/image/ab67616d0000b273e319baafd16e84f0408af2a0,74,1975-11-21,12,Bohemian Rhapsody - Remastered 2011
Queen,A Night At The Opera (2011 Remaster),https://open.spotify.com/album/1GbtB4zTqAsyfZEsm1RZfx,https://i.scdn.co/image/ab67616d0000b273e319baafd16e84f0408af2a0,74,1975-11-21,12,God Save The Queen - Remastered 2011
Queen,A Day At The Races (Deluxe Edition 2011 Remaster),https://open.spotify.com/album/4KZGe18wZJbXL6JLW4KyLc,https://i.scdn.co/image/ab67616d0000b27367bc29c251c777361b17a190,70,1976-12-10,15,Tie Your Mother Down - Remastered 2011
Queen,A Day At The Races (Deluxe Edition 2011 Remaster),https://open.spotify.com/album/4KZGe18wZJbXL6JLW4KyLc,https://i.scdn.co/image/ab67616d0000b27367bc29c251c777361b17a190,70,1976-12-10,15,You Take My Breath Away - Remastered 2011
Queen,A Day At The Races (Deluxe Edition 2011 Remaster),https://open.spotify.com/album/4KZGe18wZJbXL6JLW4KyLc,https://i.scdn.co/image/ab67616d0000b27367bc29c251c777361b17a190,70,1976-12-10,15,Long Away - Remastered 2011
Queen,A Day At The Races (Deluxe Edition 2011 Remaster),https://open.spotify.com/album/4KZGe18wZJbXL6JLW4KyLc,https://i.scdn.co/image/ab67616d0000b27367bc29c251c777361b17a190,70,1976-12-10,15,The Millionaire Waltz - Remastered 2011
Queen,A Day At The Races (Deluxe Edition 2011 Remaster),https://open.spotify.com/album/4KZGe18wZJbXL6JLW4KyLc,https://i.scdn.co/image/ab67616d0000b27367bc29c251c777361b17a190,70,1976-12-10,15,You And I - Remastered 2011
Queen,A Day At The Races (Deluxe Edition 2011 Remaster),https://open.spotify.com/album/4KZGe18wZJbXL6JLW4KyLc,https://i.scdn.co/image/ab67616d0000b27367bc29c251c777361b17a190,70,1976-12-10,15,Somebody To Love - Remastered 2011
Queen,A Day At The Races (Deluxe Edition 2011 Remaster),https://open.spotify.com/album/4KZGe18wZJbXL6JLW4KyLc,https://i.scdn.co/image/ab67616d0000b27367bc29c251c777361b17a190,70,1976-12-10,15,White Man - Remastered 2011
Queen,A Day At The Races (Deluxe Edition 2011 Remaster),https://open.spotify.com/album/4KZGe18wZJbXL6JLW4KyLc,https://i.scdn.co/image/ab67616d0000b27367bc29c251c777361b17a190,70,1976-12-10,15,Good Old-Fashioned Lover Boy - Remastered 2011
Queen,A Day At The Races (Deluxe Edition 2011 Remaster),https://open.spotify.com/album/4KZGe18wZJbXL6JLW4KyLc,https://i.scdn.co/image/ab67616d0000b27367bc29c251c777361b17a190,70,1976-12-10,15,Drowse - Remastered 2011
Queen,A Day At The Races (Deluxe Edition 2011 Remaster),https://open.spotify.com/album/4KZGe18wZJbXL6JLW4KyLc,https://i.scdn.co/image/ab67616d0000b27367bc29c251c777361b17a190,70,1976-12-10,15,Teo Torriatte (Let Us Cling Together) - Remastered 2011
Queen,A Day At The Races (Deluxe Edition 2011 Remaster),https://open.spotify.com/album/4KZGe18wZJbXL6JLW4KyLc,https://i.scdn.co/image/ab67616d0000b27367bc29c251c777361b17a190,70,1976-12-10,15,Tie Your Mother Down - Backing Track Mix
Queen,A Day At The Races (Deluxe Edition 2011 Remaster),https://open.spotify.com/album/4KZGe18wZJbXL6JLW4KyLc,https://i.scdn.co/image/ab67616d0000b27367bc29c251c777361b17a190,70,1976-12-10,15,Somebody To Love - Live At Milton Keynes Bowl / June 1982
Queen,A Day At The Races (Deluxe Edition 2011 Remaster),https://open.spotify.com/album/4KZGe18wZJbXL6JLW4KyLc,https://i.scdn.co/image/ab67616d0000b27367bc29c251c777361b17a190,70,1976-12-10,15,You Take My Breath Away - Live In Hyde Park / September 1976
Queen,A Day At The Races (Deluxe Edition 2011 Remaster),https://open.spotify.com/album/4KZGe18wZJbXL6JLW4KyLc,https://i.scdn.co/image/ab67616d0000b27367bc29c251c777361b17a190,70,1976-12-10,15,Good Old-Fashioned Lover Boy - Live On BBC Top Of The Pops / July 1977
Queen,A Day At The Races (Deluxe Edition 2011 Remaster),https://open.spotify.com/album/4KZGe18wZJbXL6JLW4KyLc,https://i.scdn.co/image/ab67616d0000b27367bc29c251c777361b17a190,70,1976-12-10,15,Teo Torriatte (Let Us Cling Together) - Remastered 2011 / HD Mix
Queen,News Of The World (2011 Remaster),https://open.spotify.com/album/7tB40pGzj6Tg0HePj2jWZt,https://i.scdn.co/image/ab67616d0000b2731f7077ae1018b5fbab08dfa8,74,1977-10-28,11,We Will Rock You - Remastered 2011
Queen,News Of The World (2011 Remaster),https://open.spotify.com/album/7tB40pGzj6Tg0HePj2jWZt,https://i.scdn.co/image/ab67616d0000b2731f7077ae1018b5fbab08dfa8,74,1977-10-28,11,We Are The Champions - Remastered 2011
Queen,News Of The World (2011 Remaster),https://open.spotify.com/album/7tB40pGzj6Tg0HePj2jWZt,https://i.scdn.co/image/ab67616d0000b2731f7077ae1018b5fbab08dfa8,74,1977-10-28,11,Sheer Heart Attack - Remastered 2011
Queen,News Of The World (2011 Remaster),https://open.spotify.com/album/7tB40pGzj6Tg0HePj2jWZt,https://i.scdn.co/image/ab67616d0000b2731f7077ae1018b5fbab08dfa8,74,1977-10-28,11,"All Dead, All Dead - Remastered 2011"
Queen,News Of The World (2011 Remaster),https://open.spotify.com/album/7tB40pGzj6Tg0HePj2jWZt,https://i.scdn.co/image/ab67616d0000b2731f7077ae1018b5fbab08dfa8,74,1977-10-28,11,Spread Your Wings - Remastered 2011
Queen,News Of The World (2011 Remaster),https://open.spotify.com/album/7tB40pGzj6Tg0HePj2jWZt,https://i.scdn.co/image/ab67616d0000b2731f7077ae1018b5fbab08dfa8,74,1977-10-28,11,Fight From The Inside - Remastered 2011
Queen,News Of The World (2011 Remaster),https://open.spotify.com/album/7tB40pGzj6Tg0HePj2jWZt,https://i.scdn.co/image/ab67616d0000b2731f7077ae1018b5fbab08dfa8,74,1977-10-28,11,"Get Down, Make Love - Remastered 2011"
Queen,News Of The World (2011 Remaster),https://open.spotify.com/album/7tB40pGzj6Tg0HePj2jWZt,https://i.scdn.co/image/ab67616d0000b2731f7077ae1018b5fbab08dfa8,74,1977-10-28,11,Sleeping On The Sidewalk - Remastered 2011
Queen,News Of The World (2011 Remaster),https://open.spotify.com/album/7tB40pGzj6Tg0HePj2jWZt,https://i.scdn.co/image/ab67616d0000b2731f7077ae1018b5fbab08dfa8,74,1977-10-28,11,Who Needs You - Remastered 2011
Queen,News Of The World (2011 Remaster),https://open.spotify.com/album/7tB40pGzj6Tg0HePj2jWZt,https://i.scdn.co/image/ab67616d0000b2731f7077ae1018b5fbab08dfa8,74,1977-10-28,11,It's Late - Remastered 2011
Queen,News Of The World (2011 Remaster),https://open.spotify.com/album/7tB40pGzj6Tg0HePj2jWZt,https://i.scdn.co/image/ab67616d0000b2731f7077ae1018b5fbab08dfa8,74,1977-10-28,11,My Melancholy Blues - Remastered 2011
Queen,Innuendo (2011 Remaster),https://open.spotify.com/album/5kffKW0sSLo6tkLg1veUGC,https://i.scdn.co/image/ab67616d0000b273024b36346101df444742cde2,64,1991-02-05,12,Innuendo - Remastered 2011
Queen,Innuendo (2011 Remaster),https://open.spotify.com/album/5kffKW0sSLo6tkLg1veUGC,https://i.scdn.co/image/ab67616d0000b273024b36346101df444742cde2,64,1991-02-05,12,I'm Going Slightly Mad - Remastered 2011
Queen,Innuendo (2011 Remaster),https://open.spotify.com/album/5kffKW0sSLo6tkLg1veUGC,https://i.scdn.co/image/ab67616d0000b273024b36346101df444742cde2,64,1991-02-05,12,Headlong - Remastered 2011
Queen,Innuendo (2011 Remaster),https://open.spotify.com/album/5kffKW0sSLo6tkLg1veUGC,https://i.scdn.co/image/ab67616d0000b273024b36346101df444742cde2,64,1991-02-05,12,I Can't Live With You - Remastered 2011
Queen,Innuendo (2011 Remaster),https://open.spotify.com/album/5kffKW0sSLo6tkLg1veUGC,https://i.scdn.co/image/ab67616d0000b273024b36346101df444742cde2,64,1991-02-05,12,Don't Try So Hard - 2011 Remaster
Queen,Innuendo (2011 Remaster),https://open.spotify.com/album/5kffKW0sSLo6tkLg1veUGC,https://i.scdn.co/image/ab67616d0000b273024b36346101df444742cde2,64,1991-02-05,12,Ride The Wild Wind - Remastered 2011
Queen,Innuendo (2011 Remaster),https://open.spotify.com/album/5kffKW0sSLo6tkLg1veUGC,https://i.scdn.co/image/ab67616d0000b273024b36346101df444742cde2,64,1991-02-05,12,All God's People - Remastered 2011
Queen,Innuendo (2011 Remaster),https://open.spotify.com/album/5kffKW0sSLo6tkLg1veUGC,https://i.scdn.co/image/ab67616d0000b273024b36346101df444742cde2,64,1991-02-05,12,These Are The Days Of Our Lives - 2011 Remaster
Queen,Innuendo (2011 Remaster),https://open.spotify.com/album/5kffKW0sSLo6tkLg1veUGC,https://i.scdn.co/image/ab67616d0000b273024b36346101df444742cde2,64,1991-02-05,12,Delilah - Remastered 2011
Queen,Innuendo (2011 Remaster),https://open.spotify.com/album/5kffKW0sSLo6tkLg1veUGC,https://i.scdn.co/image/ab67616d0000b273024b36346101df444742cde2,64,1991-02-05,12,The Hitman - Remastered 2011
Queen,Innuendo (2011 Remaster),https://open.spotify.com/album/5kffKW0sSLo6tkLg1veUGC,https://i.scdn.co/image/ab67616d0000b273024b36346101df444742cde2,64,1991-02-05,12,Bijou - 2011 Remaster
Queen,Innuendo (2011 Remaster),https://open.spotify.com/album/5kffKW0sSLo6tkLg1veUGC,https://i.scdn.co/image/ab67616d0000b273024b36346101df444742cde2,64,1991-02-05,12,The Show Must Go On - Remastered 2011
Queen,A Kind Of Magic (2011 Remaster),https://open.spotify.com/album/0pEfDPZko6TnNOgrZMe5nn,https://i.scdn.co/image/ab67616d0000b273e98d08fbea1a2f03229abc20,67,1986-06-02,9,One Vision - Remastered 2011
Queen,A Kind Of Magic (2011 Remaster),https://open.spotify.com/album/0pEfDPZko6TnNOgrZMe5nn,https://i.scdn.co/image/ab67616d0000b273e98d08fbea1a2f03229abc20,67,1986-06-02,9,A Kind Of Magic - Remastered 2011
Queen,A Kind Of Magic (2011 Remaster),https://open.spotify.com/album/0pEfDPZko6TnNOgrZMe5nn,https://i.scdn.co/image/ab67616d0000b273e98d08fbea1a2f03229abc20,67,1986-06-02,9,One Year Of Love - Remastered 2011
Queen,A Kind Of Magic (2011 Remaster),https://open.spotify.com/album/0pEfDPZko6TnNOgrZMe5nn,https://i.scdn.co/image/ab67616d0000b273e98d08fbea1a2f03229abc20,67,1986-06-02,9,Pain Is So Close To Pleasure - Remastered 2011
Queen,A Kind Of Magic (2011 Remaster),https://open.spotify.com/album/0pEfDPZko6TnNOgrZMe5nn,https://i.scdn.co/image/ab67616d0000b273e98d08fbea1a2f03229abc20,67,1986-06-02,9,Friends Will Be Friends - Remastered 2011
Queen,A Kind Of Magic (2011 Remaster),https://open.spotify.com/album/0pEfDPZko6TnNOgrZMe5nn,https://i.scdn.co/image/ab67616d0000b273e98d08fbea1a2f03229abc20,67,1986-06-02,9,Who Wants To Live Forever - Remastered 2011
Queen,A Kind Of Magic (2011 Remaster),https://open.spotify.com/album/0pEfDPZko6TnNOgrZMe5nn,https://i.scdn.co/image/ab67616d0000b273e98d08fbea1a2f03229abc20,67,1986-06-02,9,Gimme The Prize - Remastered 2011
Queen,A Kind Of Magic (2011 Remaster),https://open.spotify.com/album/0pEfDPZko6TnNOgrZMe5nn,https://i.scdn.co/image/ab67616d0000b273e98d08fbea1a2f03229abc20,67,1986-06-02,9,Don't Lose Your Head - Remastered 2011
Queen,A Kind Of Magic (2011 Remaster),https://open.spotify.com/album/0pEfDPZko6TnNOgrZMe5nn,https://i.scdn.co/image/ab67616d0000b273e98d08fbea1a2f03229abc20,67,1986-06-02,9,Princes Of The Universe - Remastered 2011
Queen,Made In Heaven (2011 Remaster),https://open.spotify.com/album/391ScNR3xKywWSpfDwP3n0,https://i.scdn.co/image/ab67616d0000b2735f8c271d01157fdb59478f14,61,1995-11-06,13,It's A Beautiful Day - Remastered 2011
Queen,Made In Heaven (2011 Remaster),https://open.spotify.com/album/391ScNR3xKywWSpfDwP3n0,https://i.scdn.co/image/ab67616d0000b2735f8c271d01157fdb59478f14,61,1995-11-06,13,Made In Heaven - 2011 Remaster
Queen,Made In Heaven (2011 Remaster),https://open.spotify.com/album/391ScNR3xKywWSpfDwP3n0,https://i.scdn.co/image/ab67616d0000b2735f8c271d01157fdb59478f14,61,1995-11-06,13,Let Me Live - Remastered 2011
Queen,Made In Heaven (2011 Remaster),https://open.spotify.com/album/391ScNR3xKywWSpfDwP3n0,https://i.scdn.co/image/ab67616d0000b2735f8c271d01157fdb59478f14,61,1995-11-06,13,Mother Love - 2011 Remaster
Queen,Made In Heaven (2011 Remaster),https://open.spotify.com/album/391ScNR3xKywWSpfDwP3n0,https://i.scdn.co/image/ab67616d0000b2735f8c271d01157fdb59478f14,61,1995-11-06,13,My Life Has Been Saved - Remastered 2011
Queen,Made In Heaven (2011 Remaster),https://open.spotify.com/album/391ScNR3xKywWSpfDwP3n0,https://i.scdn.co/image/ab67616d0000b2735f8c271d01157fdb59478f14,61,1995-11-06,13,I Was Born To Love You - 2011 Remaster
Queen,Made In Heaven (2011 Remaster),https://open.spotify.com/album/391ScNR3xKywWSpfDwP3n0,https://i.scdn.co/image/ab67616d0000b2735f8c271d01157fdb59478f14,61,1995-11-06,13,Heaven For Everyone - Remastered 2011
Queen,Made In Heaven (2011 Remaster),https://open.spotify.com/album/391ScNR3xKywWSpfDwP3n0,https://i.scdn.co/image/ab67616d0000b2735f8c271d01157fdb59478f14,61,1995-11-06,13,Too Much Love Will Kill You - Remastered 2011
Queen,Made In Heaven (2011 Remaster),https://open.spotify.com/album/391ScNR3xKywWSpfDwP3n0,https://i.scdn.co/image/ab67616d0000b2735f8c271d01157fdb59478f14,61,1995-11-06,13,You Don't Fool Me - Remastered 2011
Queen,Made In Heaven (2011 Remaster),https://open.spotify.com/album/391ScNR3xKywWSpfDwP3n0,https://i.scdn.co/image/ab67616d0000b2735f8c271d01157fdb59478f14,61,1995-11-06,13,A Winter's Tale - 2011 Remaster
Queen,Made In Heaven (2011 Remaster),https://open.spotify.com/album/391ScNR3xKywWSpfDwP3n0,https://i.scdn.co/image/ab67616d0000b2735f8c271d01157fdb59478f14,61,1995-11-06,13,It's A Beautiful Day (Reprise) - Remastered 2011
Queen,Made In Heaven (2011 Remaster),https://open.spotify.com/album/391ScNR3xKywWSpfDwP3n0,https://i.scdn.co/image/ab67616d0000b2735f8c271d01157fdb59478f14,61,1995-11-06,13,Yeah - Remastered 2011
Queen,Made In Heaven (2011 Remaster),https://open.spotify.com/album/391ScNR3xKywWSpfDwP3n0,https://i.scdn.co/image/ab67616d0000b2735f8c271d01157fdb59478f14,61,1995-11-06,13,Untitled - Remastered 2011
Queen,The Miracle (2011 Remaster),https://open.spotify.com/album/3h6SV9wHJtNL1YswZUJs8V,https://i.scdn.co/image/ab67616d0000b27327fda1adf296f242416b4230,58,1989-05-22,10,Party - Remastered 2011
Queen,The Miracle (2011 Remaster),https://open.spotify.com/album/3h6SV9wHJtNL1YswZUJs8V,https://i.scdn.co/image/ab67616d0000b27327fda1adf296f242416b4230,58,1989-05-22,10,Khashoggi's Ship - Remastered 2011
Queen,The Miracle (2011 Remaster),https://open.spotify.com/album/3h6SV9wHJtNL1YswZUJs8V,https://i.scdn.co/image/ab67616d0000b27327fda1adf296f242416b4230,58,1989-05-22,10,The Miracle - Remastered 2011
Queen,The Miracle (2011 Remaster),https://open.spotify.com/album/3h6SV9wHJtNL1YswZUJs8V,https://i.scdn.co/image/ab67616d0000b27327fda1adf296f242416b4230,58,1989-05-22,10,I Want It All - Remastered 2011
Queen,The Miracle (2011 Remaster),https://open.spotify.com/album/3h6SV9wHJtNL1YswZUJs8V,https://i.scdn.co/image/ab67616d0000b27327fda1adf296f242416b4230,58,1989-05-22,10,The Invisible Man - Remastered 2011
Queen,The Miracle (2011 Remaster),https://open.spotify.com/album/3h6SV9wHJtNL1YswZUJs8V,https://i.scdn.co/image/ab67616d0000b27327fda1adf296f242416b4230,58,1989-05-22,10,Breakthru - Remastered 2011
Queen,The Miracle (2011 Remaster),https://open.spotify.com/album/3h6SV9wHJtNL1YswZUJs8V,https://i.scdn.co/image/ab67616d0000b27327fda1adf296f242416b4230,58,1989-05-22,10,Rain Must Fall - Remastered 2011
Queen,The Miracle (2011 Remaster),https://open.spotify.com/album/3h6SV9wHJtNL1YswZUJs8V,https://i.scdn.co/image/ab67616d0000b27327fda1adf296f242416b4230,58,1989-05-22,10,Scandal - Remastered 2011
Queen,The Miracle (2011 Remaster),https://open.spotify.com/album/3h6SV9wHJtNL1YswZUJs8V,https://i.scdn.co/image/ab67616d0000b27327fda1adf296f242416b4230,58,1989-05-22,10,My Baby Does Me - Remastered 2011
Queen,The Miracle (2011 Remaster),https://open.spotify.com/album/3h6SV9wHJtNL1YswZUJs8V,https://i.scdn.co/image/ab67616d0000b27327fda1adf296f242416b4230,58,1989-05-22,10,Was It All Worth It - Remastered 2011
Queen,The Works (2011 Remaster),https://open.spotify.com/album/5RS9xkMuDmeVISqGDBmnSa,https://i.scdn.co/image/ab67616d0000b2735be5f807f6f0549e198a44b4,69,1984-02-27,9,Radio Ga Ga - Remastered 2011
Queen,The Works (2011 Remaster),https://open.spotify.com/album/5RS9xkMuDmeVISqGDBmnSa,https://i.scdn.co/image/ab67616d0000b2735be5f807f6f0549e198a44b4,69,1984-02-27,9,Tear It Up - Remastered 2011
Queen,The Works (2011 Remaster),https://open.spotify.com/album/5RS9xkMuDmeVISqGDBmnSa,https://i.scdn.co/image/ab67616d0000b2735be5f807f6f0549e198a44b4,69,1984-02-27,9,It's A Hard Life - Remastered 2011
Queen,The Works (2011 Remaster),https://open.spotify.com/album/5RS9xkMuDmeVISqGDBmnSa,https://i.scdn.co/image/ab67616d0000b2735be5f807f6f0549e198a44b4,69,1984-02-27,9,Man On The Prowl - Remastered 2011
Queen,The Works (2011 Remaster),https://open.spotify.com/album/5RS9xkMuDmeVISqGDBmnSa,https://i.scdn.co/image/ab67616d0000b2735be5f807f6f0549e198a44b4,69,1984-02-27,9,Machines (Or Back To Humans) - Remastered 2011
Queen,The Works (2011 Remaster),https://open.spotify.com/album/5RS9xkMuDmeVISqGDBmnSa,https://i.scdn.co/image/ab67616d0000b2735be5f807f6f0549e198a44b4,69,1984-02-27,9,I Want To Break Free - Remastered 2011
Queen,The Works (2011 Remaster),https://open.spotify.com/album/5RS9xkMuDmeVISqGDBmnSa,https://i.scdn.co/image/ab67616d0000b2735be5f807f6f0549e198a44b4,69,1984-02-27,9,Keep Passing The Open Windows - Remastered 2011
Queen,The Works (2011 Remaster),https://open.spotify.com/album/5RS9xkMuDmeVISqGDBmnSa,https://i.scdn.co/image/ab67616d0000b2735be5f807f6f0549e198a44b4,69,1984-02-27,9,Hammer To Fall - Remastered 2011
Queen,The Works (2011 Remaster),https://open.spotify.com/album/5RS9xkMuDmeVISqGDBmnSa,https://i.scdn.co/image/ab67616d0000b2735be5f807f6f0549e198a44b4,69,1984-02-27,9,Is This The World We Created...? - Remastered 2011
Queen,Hot Space (2011 Remaster),https://open.spotify.com/album/6reTSIf5MoBco62rk8T7Q1,https://i.scdn.co/image/ab67616d0000b273d254ca497999ae980a5a38c5,72,1982-05-03,11,Staying Power - Remastered 2011
Queen,Hot Space (2011 Remaster),https://open.spotify.com/album/6reTSIf5MoBco62rk8T7Q1,https://i.scdn.co/image/ab67616d0000b273d254ca497999ae980a5a38c5,72,1982-05-03,11,Dancer - Remastered 2011
Queen,Hot Space (2011 Remaster),https://open.spotify.com/album/6reTSIf5MoBco62rk8T7Q1,https://i.scdn.co/image/ab67616d0000b273d254ca497999ae980a5a38c5,72,1982-05-03,11,Back Chat - Remastered 2011
Queen,Hot Space (2011 Remaster),https://open.spotify.com/album/6reTSIf5MoBco62rk8T7Q1,https://i.scdn.co/image/ab67616d0000b273d254ca497999ae980a5a38c5,72,1982-05-03,11,Body Language - Remastered 2011
Queen,Hot Space (2011 Remaster),https://open.spotify.com/album/6reTSIf5MoBco62rk8T7Q1,https://i.scdn.co/image/ab67616d0000b273d254ca497999ae980a5a38c5,72,1982-05-03,11,Action This Day - Remastered 2011
Queen,Hot Space (2011 Remaster),https://open.spotify.com/album/6reTSIf5MoBco62rk8T7Q1,https://i.scdn.co/image/ab67616d0000b273d254ca497999ae980a5a38c5,72,1982-05-03,11,Put Out The Fire - Remastered 2011
Queen,Hot Space (2011 Remaster),https://open.spotify.com/album/6reTSIf5MoBco62rk8T7Q1,https://i.scdn.co/image/ab67616d0000b273d254ca497999ae980a5a38c5,72,1982-05-03,11,Life Is Real (Song For Lennon) - Remastered 2011
Queen,Hot Space (2011 Remaster),https://open.spotify.com/album/6reTSIf5MoBco62rk8T7Q1,https://i.scdn.co/image/ab67616d0000b273d254ca497999ae980a5a38c5,72,1982-05-03,11,Calling All Girls - Remastered 2011
Queen,Hot Space (2011 Remaster),https://open.spotify.com/album/6reTSIf5MoBco62rk8T7Q1,https://i.scdn.co/image/ab67616d0000b273d254ca497999ae980a5a38c5,72,1982-05-03,11,Las Palabras De Amor (The Words Of Love) - Remastered 2011
Queen,Hot Space (2011 Remaster),https://open.spotify.com/album/6reTSIf5MoBco62rk8T7Q1,https://i.scdn.co/image/ab67616d0000b273d254ca497999ae980a5a38c5,72,1982-05-03,11,Cool Cat - Remastered 2011
Queen,Hot Space (2011 Remaster),https://open.spotify.com/album/6reTSIf5MoBco62rk8T7Q1,https://i.scdn.co/image/ab67616d0000b273d254ca497999ae980a5a38c5,72,1982-05-03,11,Under Pressure - Remastered 2011
Queen,Flash Gordon (Deluxe Edition 2011 Remaster),https://open.spotify.com/album/4r9kNse038AoF2KfbqPUOS,https://i.scdn.co/image/ab67616d0000b273eea7096e16b56a80efbba8bb,44,1980-12-05,24,Flash's Theme - Remastered 2011
Queen,Flash Gordon (Deluxe Edition 2011 Remaster),https://open.spotify.com/album/4r9kNse038AoF2KfbqPUOS,https://i.scdn.co/image/ab67616d0000b273eea7096e16b56a80efbba8bb,44,1980-12-05,24,In The Space Capsule (The Love Theme) - Remastered 2011
Queen,Flash Gordon (Deluxe Edition 2011 Remaster),https://open.spotify.com/album/4r9kNse038AoF2KfbqPUOS,https://i.scdn.co/image/ab67616d0000b273eea7096e16b56a80efbba8bb,44,1980-12-05,24,Ming's Theme (In The Court Of Ming The Merciless) - Remastered 2011
Queen,Flash Gordon (Deluxe Edition 2011 Remaster),https://open.spotify.com/album/4r9kNse038AoF2KfbqPUOS,https://i.scdn.co/image/ab67616d0000b273eea7096e16b56a80efbba8bb,44,1980-12-05,24,The Ring (Hypnotic Seduction Of Dale) - Remastered 2011
Queen,Flash Gordon (Deluxe Edition 2011 Remaster),https://open.spotify.com/album/4r9kNse038AoF2KfbqPUOS,https://i.scdn.co/image/ab67616d0000b273eea7096e16b56a80efbba8bb,44,1980-12-05,24,Football Fight - Remastered 2011
Queen,Flash Gordon (Deluxe Edition 2011 Remaster),https://open.spotify.com/album/4r9kNse038AoF2KfbqPUOS,https://i.scdn.co/image/ab67616d0000b273eea7096e16b56a80efbba8bb,44,1980-12-05,24,In The Death Cell (Love Theme Reprise) - Remastered 2011
Queen,Flash Gordon (Deluxe Edition 2011 Remaster),https://open.spotify.com/album/4r9kNse038AoF2KfbqPUOS,https://i.scdn.co/image/ab67616d0000b273eea7096e16b56a80efbba8bb,44,1980-12-05,24,Execution Of Flash - Remastered 2011
Queen,Flash Gordon (Deluxe Edition 2011 Remaster),https://open.spotify.com/album/4r9kNse038AoF2KfbqPUOS,https://i.scdn.co/image/ab67616d0000b273eea7096e16b56a80efbba8bb,44,1980-12-05,24,The Kiss (Aura Resurrects Flash) - Remastered 2011
Queen,Flash Gordon (Deluxe Edition 2011 Remaster),https://open.spotify.com/album/4r9kNse038AoF2KfbqPUOS,https://i.scdn.co/image/ab67616d0000b273eea7096e16b56a80efbba8bb,44,1980-12-05,24,Arboria (Planet Of The Tree Men) - Remastered 2011
Queen,Flash Gordon (Deluxe Edition 2011 Remaster),https://open.spotify.com/album/4r9kNse038AoF2KfbqPUOS,https://i.scdn.co/image/ab67616d0000b273eea7096e16b56a80efbba8bb,44,1980-12-05,24,Escape From The Swamp - Remastered 2011
Queen,Flash Gordon (Deluxe Edition 2011 Remaster),https://open.spotify.com/album/4r9kNse038AoF2KfbqPUOS,https://i.scdn.co/image/ab67616d0000b273eea7096e16b56a80efbba8bb,44,1980-12-05,24,Flash To The Rescue - Remastered 2011
Queen,Flash Gordon (Deluxe Edition 2011 Remaster),https://open.spotify.com/album/4r9kNse038AoF2KfbqPUOS,https://i.scdn.co/image/ab67616d0000b273eea7096e16b56a80efbba8bb,44,1980-12-05,24,Vultan's Theme (Attack Of The Hawk Men) - Remastered 2011
Queen,Flash Gordon (Deluxe Edition 2011 Remaster),https://open.spotify.com/album/4r9kNse038AoF2KfbqPUOS,https://i.scdn.co/image/ab67616d0000b273eea7096e16b56a80efbba8bb,44,1980-12-05,24,Battle Theme - Remastered 2011
Queen,Flash Gordon (Deluxe Edition 2011 Remaster),https://open.spotify.com/album/4r9kNse038AoF2KfbqPUOS,https://i.scdn.co/image/ab67616d0000b273eea7096e16b56a80efbba8bb,44,1980-12-05,24,The Wedding March - Remastered 2011
Queen,Flash Gordon (Deluxe Edition 2011 Remaster),https://open.spotify.com/album/4r9kNse038AoF2KfbqPUOS,https://i.scdn.co/image/ab67616d0000b273eea7096e16b56a80efbba8bb,44,1980-12-05,24,Marriage Of Dale And Ming (And Flash Approaching) - Remastered 2011
Queen,Flash Gordon (Deluxe Edition 2011 Remaster),https://open.spotify.com/album/4r9kNse038AoF2KfbqPUOS,https://i.scdn.co/image/ab67616d0000b273eea7096e16b56a80efbba8bb,44,1980-12-05,24,Crash Dive On Mingo City - Remastered 2011
Queen,Flash Gordon (Deluxe Edition 2011 Remaster),https://open.spotify.com/album/4r9kNse038AoF2KfbqPUOS,https://i.scdn.co/image/ab67616d0000b273eea7096e16b56a80efbba8bb,44,1980-12-05,24,Flash's Theme Reprise - Remastered 2011
Queen,Flash Gordon (Deluxe Edition 2011 Remaster),https://open.spotify.com/album/4r9kNse038AoF2KfbqPUOS,https://i.scdn.co/image/ab67616d0000b273eea7096e16b56a80efbba8bb,44,1980-12-05,24,The Hero - Remastered 2011
Queen,Flash Gordon (Deluxe Edition 2011 Remaster),https://open.spotify.com/album/4r9kNse038AoF2KfbqPUOS,https://i.scdn.co/image/ab67616d0000b273eea7096e16b56a80efbba8bb,44,1980-12-05,24,Flash - Single Version
Queen,Flash Gordon (Deluxe Edition 2011 Remaster),https://open.spotify.com/album/4r9kNse038AoF2KfbqPUOS,https://i.scdn.co/image/ab67616d0000b273eea7096e16b56a80efbba8bb,44,1980-12-05,24,The Hero - October 1980... Revisited
Queen,Flash Gordon (Deluxe Edition 2011 Remaster),https://open.spotify.com/album/4r9kNse038AoF2KfbqPUOS,https://i.scdn.co/image/ab67616d0000b273eea7096e16b56a80efbba8bb,44,1980-12-05,24,The Kiss - Early Version / March 1980
Queen,Flash Gordon (Deluxe Edition 2011 Remaster),https://open.spotify.com/album/4r9kNse038AoF2KfbqPUOS,https://i.scdn.co/image/ab67616d0000b273eea7096e16b56a80efbba8bb,44,1980-12-05,24,Football Fight - Early Version / No Synths! / February 1980
Queen,Flash Gordon (Deluxe Edition 2011 Remaster),https://open.spotify.com/album/4r9kNse038AoF2KfbqPUOS,https://i.scdn.co/image/ab67616d0000b273eea7096e16b56a80efbba8bb,44,1980-12-05,24,Flash - Live In Montreal / November 1981
Queen,Flash Gordon (Deluxe Edition 2011 Remaster),https://open.spotify.com/album/4r9kNse038AoF2KfbqPUOS,https://i.scdn.co/image/ab67616d0000b273eea7096e16b56a80efbba8bb,44,1980-12-05,24,The Hero - Live In Montreal / November 1981
Queen,The Game (2011 Remaster),https://open.spotify.com/album/58alCatewkjNm9IM1Ucj67,https://i.scdn.co/image/ab67616d0000b273056e90910cbaf5c5b892aeba,77,1980-06-27,10,Play The Game - Remastered 2011
Queen,The Game (2011 Remaster),https://open.spotify.com/album/58alCatewkjNm9IM1Ucj67,https://i.scdn.co/image/ab67616d0000b273056e90910cbaf5c5b892aeba,77,1980-06-27,10,Dragon Attack - Remastered 2011
Queen,The Game (2011 Remaster),https://open.spotify.com/album/58alCatewkjNm9IM1Ucj67,https://i.scdn.co/image/ab67616d0000b273056e90910cbaf5c5b892aeba,77,1980-06-27,10,Another One Bites The Dust - Remastered 2011
Queen,The Game (2011 Remaster),https://open.spotify.com/album/58alCatewkjNm9IM1Ucj67,https://i.scdn.co/image/ab67616d0000b273056e90910cbaf5c5b892aeba,77,1980-06-27,10,Need Your Loving Tonight - Remastered 2011
Queen,The Game (2011 Remaster),https://open.spotify.com/album/58alCatewkjNm9IM1Ucj67,https://i.scdn.co/image/ab67616d0000b273056e90910cbaf5c5b892aeba,77,1980-06-27,10,Crazy Little Thing Called Love - Remastered 2011
Queen,The Game (2011 Remaster),https://open.spotify.com/album/58alCatewkjNm9IM1Ucj67,https://i.scdn.co/image/ab67616d0000b273056e90910cbaf5c5b892aeba,77,1980-06-27,10,Rock It (Prime Jive) - Remastered 2011
Queen,The Game (2011 Remaster),https://open.spotify.com/album/58alCatewkjNm9IM1Ucj67,https://i.scdn.co/image/ab67616d0000b273056e90910cbaf5c5b892aeba,77,1980-06-27,10,Don't Try Suicide - Remastered 2011
Queen,The Game (2011 Remaster),https://open.spotify.com/album/58alCatewkjNm9IM1Ucj67,https://i.scdn.co/image/ab67616d0000b273056e90910cbaf5c5b892aeba,77,1980-06-27,10,Sail Away Sweet Sister - Remastered 2011
Queen,The Game (2011 Remaster),https://open.spotify.com/album/58alCatewkjNm9IM1Ucj67,https://i.scdn.co/image/ab67616d0000b273056e90910cbaf5c5b892aeba,77,1980-06-27,10,Coming Soon - Remastered 2011
Queen,The Game (2011 Remaster),https://open.spotify.com/album/58alCatewkjNm9IM1Ucj67,https://i.scdn.co/image/ab67616d0000b273056e90910cbaf5c5b892aeba,77,1980-06-27,10,Save Me - Remastered 2011
Queen,Jazz (2011 Remaster),https://open.spotify.com/album/2yuTRGIackbcReLUXOYBqU,https://i.scdn.co/image/ab67616d0000b2737c39dd133836c2c1c87e34d6,75,1978-11-10,13,Mustapha - Remastered 2011
Queen,Jazz (2011 Remaster),https://open.spotify.com/album/2yuTRGIackbcReLUXOYBqU,https://i.scdn.co/image/ab67616d0000b2737c39dd133836c2c1c87e34d6,75,1978-11-10,13,Fat Bottomed Girls - 2011 Remaster
Queen,Jazz (2011 Remaster),https://open.spotify.com/album/2yuTRGIackbcReLUXOYBqU,https://i.scdn.co/image/ab67616d0000b2737c39dd133836c2c1c87e34d6,75,1978-11-10,13,Jealousy - Remastered 2011
Queen,Jazz (2011 Remaster),https://open.spotify.com/album/2yuTRGIackbcReLUXOYBqU,https://i.scdn.co/image/ab67616d0000b2737c39dd133836c2c1c87e34d6,75,1978-11-10,13,Bicycle Race - Remastered 2011
Queen,Jazz (2011 Remaster),https://open.spotify.com/album/2yuTRGIackbcReLUXOYBqU,https://i.scdn.co/image/ab67616d0000b2737c39dd133836c2c1c87e34d6,75,1978-11-10,13,If You Can't Beat Them - Remastered 2011
Queen,Jazz (2011 Remaster),https://open.spotify.com/album/2yuTRGIackbcReLUXOYBqU,https://i.scdn.co/image/ab67616d0000b2737c39dd133836c2c1c87e34d6,75,1978-11-10,13,Let Me Entertain You - Remastered 2011
Queen,Jazz (2011 Remaster),https://open.spotify.com/album/2yuTRGIackbcReLUXOYBqU,https://i.scdn.co/image/ab67616d0000b2737c39dd133836c2c1c87e34d6,75,1978-11-10,13,Dead On Time - Remastered 2011
Queen,Jazz (2011 Remaster),https://open.spotify.com/album/2yuTRGIackbcReLUXOYBqU,https://i.scdn.co/image/ab67616d0000b2737c39dd133836c2c1c87e34d6,75,1978-11-10,13,In Only Seven Days - Remastered 2011
Queen,Jazz (2011 Remaster),https://open.spotify.com/album/2yuTRGIackbcReLUXOYBqU,https://i.scdn.co/image/ab67616d0000b2737c39dd133836c2c1c87e34d6,75,1978-11-10,13,Dreamer's Ball - Remastered 2011
Queen,Jazz (2011 Remaster),https://open.spotify.com/album/2yuTRGIackbcReLUXOYBqU,https://i.scdn.co/image/ab67616d0000b2737c39dd133836c2c1c87e34d6,75,1978-11-10,13,Fun It - Remastered 2011
Queen,Jazz (2011 Remaster),https://open.spotify.com/album/2yuTRGIackbcReLUXOYBqU,https://i.scdn.co/image/ab67616d0000b2737c39dd133836c2c1c87e34d6,75,1978-11-10,13,Leaving Home Ain't Easy - Remastered 2011
Queen,Jazz (2011 Remaster),https://open.spotify.com/album/2yuTRGIackbcReLUXOYBqU,https://i.scdn.co/image/ab67616d0000b2737c39dd133836c2c1c87e34d6,75,1978-11-10,13,Don't Stop Me Now - Remastered 2011
Queen,Jazz (2011 Remaster),https://open.spotify.com/album/2yuTRGIackbcReLUXOYBqU,https://i.scdn.co/image/ab67616d0000b2737c39dd133836c2c1c87e34d6,75,1978-11-10,13,More Of That Jazz - Remastered 2011
